"user_id","risk_score"
"cmnvwntpn0046wcfg1jb1kexr",69.0267545293601
"cmnvwnucr004cwcfg90ndenvj",25.0175485120169
"cmnvwntpo0048wcfg8n5uuuyz",16.9793922490331
"cmnrkbb4r0000wcikwxcs2pfx",13.4222780555363
