{
  "feature_names": [
    "amount",
    "hour",
    "device_risk",
    "location_risk",
    "txn_velocity"
  ],
  "mean": [
    3.1530584838459306,
    14.541464317847659,
    0.03371929343556211,
    0.03768573962674121,
    1.3880085567853446
  ],
  "scale": [
    1.6559917546860428,
    5.8417643381037925,
    0.03658517075769636,
    0.0377424119503548,
    1.6406681850057736
  ]
}